{
  "title": "મૂળ લખાણ -ot નોટેટર",
  "description": "ટેક્સ્ટ આધારિત સામગ્રી માટે મૂળભૂત હાયપરલિંક સપોર્ટ પ્રદાન કરે છે",
  "version": "1.0.0.1",
  "author": "Monkey",
  "guid": "ecde8e7c-30cf-47ef-a6a9-8f7f439b0a31",
  "projectUrl": "https://www.monkeypaste.com",
  "iconUri": "https://www.monkeypaste.com/dat/CoreAnnotator.png",
  "packageType": "Dll",
  "tags": "કોર, ot નોટેટ, ટેક્સ્ટ, લિંક, રંગ, પાર્સિંગ, સરનામું, ફોન, ઇમેઇલ, ચલણ, નાણાં"
}