{
  "title": "முக்கிய உரை சிறுகுறிப்பு",
  "description": "உரை அடிப்படையிலான உள்ளடக்கத்திற்கான அடிப்படை ஹைப்பர்லிங்க் ஆதரவை வழங்குகிறது",
  "version": "1.0.0.1",
  "author": "Monkey",
  "guid": "ecde8e7c-30cf-47ef-a6a9-8f7f439b0a31",
  "projectUrl": "https://www.monkeypaste.com",
  "iconUri": "https://www.monkeypaste.com/dat/CoreAnnotator.png",
  "packageType": "Dll",
  "tags": "கோர், சிறுகுறிப்பு, உரை, இணைப்பு, வண்ணம், பாகுபடுத்தல், முகவரி, தொலைபேசி, மின்னஞ்சல், நாணயம், நிதி"
}