{
  "title": "Основний текстовий анотатор",
  "description": "Надає основну підтримку гіперпосилання для тексту вмісту",
  "version": "1.0.0.1",
  "author": "Monkey",
  "guid": "ecde8e7c-30cf-47ef-a6a9-8f7f439b0a31",
  "projectUrl": "https://www.monkeypaste.com",
  "iconUri": "https://www.monkeypaste.com/dat/CoreAnnotator.png",
  "packageType": "Dll",
  "tags": "Основи, анотуйте, текст, посилання, колір, розбір, адреса, телефон, електронна пошта, валюта, фінанси"
}