{
  "title": "Core Clipboard Handler",
  "description": "จัดการรูปแบบคลิปบอร์ดเริ่มต้น",
  "version": "1.0.0.0",
  "author": "Monkey",
  "guid": "cf2ec03f-9edd-45e9-a605-2a2df71e03bd",
  "projectUrl": "https://www.monkeypaste.com",
  "iconUri": "https://www.monkeypaste.com/dat/CoreOleHandler.png",
  "tags": "Core, คลิปบอร์ด, ลากและวาง, ข้อความ, RTF, ข้อความที่หลากหลาย, HTML, CSV, รูปภาพ, PNG, JPG, JPEG, ลิงก์",
  "pluginType": "Clipboard",
  "packageType": "Dll"
}