{
  "title": "מטפל לוח ליבה",
  "description": "מטפל בפורמטים של ברירת מחדל של לוח הלוח",
  "version": "1.0.0.0",
  "author": "Monkey",
  "guid": "cf2ec03f-9edd-45e9-a605-2a2df71e03bd",
  "projectUrl": "https://www.monkeypaste.com",
  "iconUri": "https://www.monkeypaste.com/dat/CoreOleHandler.png",
  "tags": "ליבה, לוח, גרור ושחרור, טקסט, RTF, טקסט עשיר, HTML, CSV, תמונה, PNG, JPG, JPEG, קישור",
  "pluginType": "Clipboard",
  "packageType": "Dll"
}