{
  "title": "ЖАРДАМ БЕРҮҮЧҮ",
  "description": "Демейки буфет форматтарын чечүү",
  "version": "1.0.0.0",
  "author": "Monkey",
  "guid": "cf2ec03f-9edd-45e9-a605-2a2df71e03bd",
  "projectUrl": "https://www.monkeypaste.com",
  "iconUri": "https://www.monkeypaste.com/dat/CoreOleHandler.png",
  "tags": "Негизги, алмашуу буферы, сүйрөөчү, сүйрөп, текст, текст, бай текст, html, csv, image, png, jpg, jpeg, link",
  "pluginType": "Clipboard",
  "packageType": "Dll"
}