{
  "title": "معالج الحافظة الأساسية",
  "description": "يتعامل مع تنسيقات الحافظة الافتراضية",
  "version": "1.0.0.0",
  "author": "Monkey",
  "guid": "cf2ec03f-9edd-45e9-a605-2a2df71e03bd",
  "projectUrl": "https://www.monkeypaste.com",
  "iconUri": "https://www.monkeypaste.com/dat/CoreOleHandler.png",
  "tags": "Core ، الحافظة ، السحب والإفلات ، النص ، RTF ، النص الغني ، HTML ، CSV ، الصورة ، PNG ، JPG ، JPEG ، رابط",
  "pluginType": "Clipboard",
  "packageType": "Dll"
}