{
  "title": "कोअर क्लिपबोर्ड हँडलर",
  "description": "डीफॉल्ट क्लिपबोर्ड स्वरूप हाताळते",
  "version": "1.0.0.0",
  "author": "Monkey",
  "guid": "cf2ec03f-9edd-45e9-a605-2a2df71e03bd",
  "projectUrl": "https://www.monkeypaste.com",
  "iconUri": "https://www.monkeypaste.com/dat/CoreOleHandler.png",
  "tags": "कोअर, क्लिपबोर्ड, ड्रॅग आणि ड्रॉप, मजकूर, आरटीएफ, समृद्ध मजकूर, एचटीएमएल, सीएसव्ही, प्रतिमा, पीएनजी, जेपीजी, जेपीईजी, दुवा",
  "pluginType": "Clipboard",
  "packageType": "Dll"
}