{
  "title": "Төп аллип белән эшкәртүче",
  "description": "Килешү такталары форматларын эшкәртә",
  "version": "1.0.0.0",
  "author": "Monkey",
  "guid": "cf2ec03f-9edd-45e9-a605-2a2df71e03bd",
  "projectUrl": "https://www.monkeypaste.com",
  "iconUri": "https://www.monkeypaste.com/dat/CoreOleHandler.png",
  "tags": "Төп, буфер, тарту һәм төшү, текст, рт",
  "pluginType": "Clipboard",
  "packageType": "Dll"
}