{
  "title": "Основной обработчик буфера обмена",
  "description": "Обрабатывает форматы буфера обмена по умолчанию",
  "version": "1.0.0.0",
  "author": "Monkey",
  "guid": "cf2ec03f-9edd-45e9-a605-2a2df71e03bd",
  "projectUrl": "https://www.monkeypaste.com",
  "iconUri": "https://www.monkeypaste.com/dat/CoreOleHandler.png",
  "tags": "Ядро, буфер обмена, перетаскивание, текст, RTF, Rich Text, HTML, CSV, Image, PNG, JPG, JPEG, ссылка",
  "pluginType": "Clipboard",
  "packageType": "Dll"
}