{
  "title": "Core Clipboard Handler",
  "description": "ຈັດການແບບຟອມ clipboard ເລີ່ມຕົ້ນ",
  "version": "1.0.0.0",
  "author": "Monkey",
  "guid": "cf2ec03f-9edd-45e9-a605-2a2df71e03bd",
  "projectUrl": "https://www.monkeypaste.com",
  "iconUri": "https://www.monkeypaste.com/dat/CoreOleHandler.png",
  "tags": "ຫຼັກ, clipboard, ລາກແລະວາງ, ຂໍ້ຄວາມ, ຂໍ້ຄວາມທີ່ອຸດົມສົມບູນ, HTML, CSV, PNG, PNG, JPG, JPEG, JPEG, JPEG, JPEG, MPEG, MPEG, JPEG, MPEG, MPEG, MPEG, MPEG, MPEG, MPEG, JPEG, MPEG, MPEG, JPEG, MPEG, MPEG, JPEG, MPEG, JPEG, JPEG, MPEG, JPEG, JPEG, MPEG, JPEG, JPEG, JPEG, JPEG, JPEG, JPEG, JPEG, JPEG, JPEG, JPEG, JPEG, JPEG, JPEG, JPEG, JPEG, JPEG, JPEG",
  "pluginType": "Clipboard",
  "packageType": "Dll"
}