{
  "title": "Láimhseálaí gearrthaisce croí",
  "description": "Láimhseálann formáidí gearrthaisce réamhshocraithe",
  "version": "1.0.0.0",
  "author": "Monkey",
  "guid": "cf2ec03f-9edd-45e9-a605-2a2df71e03bd",
  "projectUrl": "https://www.monkeypaste.com",
  "iconUri": "https://www.monkeypaste.com/dat/CoreOleHandler.png",
  "tags": "Croí, gearrthaisce, tarraing agus titim, téacs, RTF, Téacs Rich, HTML, CSV, Image, PNG, JPG, JPEG, Link",
  "pluginType": "Clipboard",
  "packageType": "Dll"
}