{
  "title": "Цоре Цлипбоард Хандлер",
  "description": "Рукује Подразумевано формате међуспремника",
  "version": "1.0.0.0",
  "author": "Monkey",
  "guid": "cf2ec03f-9edd-45e9-a605-2a2df71e03bd",
  "projectUrl": "https://www.monkeypaste.com",
  "iconUri": "https://www.monkeypaste.com/dat/CoreOleHandler.png",
  "tags": "Језгро, међуспремник, превлачење и кап, текст, РТФ, богат текст, хтмл, цсв, слика, пнг, јпг, јпег, линк",
  "pluginType": "Clipboard",
  "packageType": "Dll"
}