{
  "title": "Người xử lý clipboard cốt lõi",
  "description": "Xử lý các định dạng Clipboard mặc định",
  "version": "1.0.0.0",
  "author": "Monkey",
  "guid": "cf2ec03f-9edd-45e9-a605-2a2df71e03bd",
  "projectUrl": "https://www.monkeypaste.com",
  "iconUri": "https://www.monkeypaste.com/dat/CoreOleHandler.png",
  "tags": "Core, clipboard, kéo và thả, văn bản, rtf, văn bản phong phú, html, csv, hình ảnh, png, jpg, jpeg, link",
  "pluginType": "Clipboard",
  "packageType": "Dll"
}