{
  "title": "يادرولۇق چاپلاش تاختىسى",
  "description": "سۈكۈتتىكى چاپلاش تاختىسى فورماتى",
  "version": "1.0.0.0",
  "author": "Monkey",
  "guid": "cf2ec03f-9edd-45e9-a605-2a2df71e03bd",
  "projectUrl": "https://www.monkeypaste.com",
  "iconUri": "https://www.monkeypaste.com/dat/CoreOleHandler.png",
  "tags": "Corp, Clip, Clip تاختى, سۆرەينى تاشلاش, تېكىست, TUT تېكىست, يېنىك تېكىست, يورۇق, رەسىم, JPEG, JPP, kpg, jpeg, jpeg, jpeg, jpe",
  "pluginType": "Clipboard",
  "packageType": "Dll"
}