{
  "title": "کنترل کننده کلیپ بورد",
  "description": "قالب های پیش فرض کلیپ بورد",
  "version": "1.0.0.0",
  "author": "Monkey",
  "guid": "cf2ec03f-9edd-45e9-a605-2a2df71e03bd",
  "projectUrl": "https://www.monkeypaste.com",
  "iconUri": "https://www.monkeypaste.com/dat/CoreOleHandler.png",
  "tags": "هسته ، کلیپ بورد ، کشیدن و رها کردن ، متن ، RTF ، متن غنی ، HTML ، CSV ، تصویر ، PNG ، JPG ، JPEG ، پیوند",
  "pluginType": "Clipboard",
  "packageType": "Dll"
}