{
  "title": "Manipulador de portapalones de núcleo",
  "description": "Maneja formatos de portapapeles predeterminados",
  "version": "1.0.0.0",
  "author": "Monkey",
  "guid": "cf2ec03f-9edd-45e9-a605-2a2df71e03bd",
  "projectUrl": "https://www.monkeypaste.com",
  "iconUri": "https://www.monkeypaste.com/dat/CoreOleHandler.png",
  "tags": "Núcleo, portapapeles, arrastrar y soltar, texto, RTF, texto rico, html, csv, imagen, png, jpg, jpeg, enlace",
  "pluginType": "Clipboard",
  "packageType": "Dll"
}