{
  "title": "Core Clipboard Handler",
  "description": "Գործում է լռելյայն clipboard- ի ձեւաչափերը",
  "version": "1.0.0.0",
  "author": "Monkey",
  "guid": "cf2ec03f-9edd-45e9-a605-2a2df71e03bd",
  "projectUrl": "https://www.monkeypaste.com",
  "iconUri": "https://www.monkeypaste.com/dat/CoreOleHandler.png",
  "tags": "Հիմնական, clipboard, քաշել եւ թողնել, տեքստ, RTF, հարուստ տեքստ, HTML, CSV, պատկեր, PNG, JPG, JPEG, հղում",
  "pluginType": "Clipboard",
  "packageType": "Dll"
}