{
  "title": "ძირითადი ბუფერული გამტარებელი",
  "description": "გაუმკლავდება ნაგულისხმევი ბუფერული ფორმატები",
  "version": "1.0.0.0",
  "author": "Monkey",
  "guid": "cf2ec03f-9edd-45e9-a605-2a2df71e03bd",
  "projectUrl": "https://www.monkeypaste.com",
  "iconUri": "https://www.monkeypaste.com/dat/CoreOleHandler.png",
  "tags": "ბირთვი, ბუფერული, გადაიტანეთ და წვეთი, ტექსტი, RTF, Rich Text, HTML, CSV, Image, PNG, JPG, JPEG, ბმული",
  "pluginType": "Clipboard",
  "packageType": "Dll"
}