{
  "title": "Основен манипулатор на клипборда",
  "description": "Работи с формати на клипборда по подразбиране",
  "version": "1.0.0.0",
  "author": "Monkey",
  "guid": "cf2ec03f-9edd-45e9-a605-2a2df71e03bd",
  "projectUrl": "https://www.monkeypaste.com",
  "iconUri": "https://www.monkeypaste.com/dat/CoreOleHandler.png",
  "tags": "Core, Clipboard, Dlow and Drop, Text, RTF, Rich Text, HTML, CSV, Image, PNG, JPG, JPEG, LINK",
  "pluginType": "Clipboard",
  "packageType": "Dll"
}