{
  "title": "Gestor de porta -retalls de nucli",
  "description": "Maneja formats de transmissió predeterminats",
  "version": "1.0.0.0",
  "author": "Monkey",
  "guid": "cf2ec03f-9edd-45e9-a605-2a2df71e03bd",
  "projectUrl": "https://www.monkeypaste.com",
  "iconUri": "https://www.monkeypaste.com/dat/CoreOleHandler.png",
  "tags": "Core, porta -retalls, arrossegament i gota, text, RTF, text ric, HTML, CSV, Image, PNG, JPG, JPEG, Link",
  "pluginType": "Clipboard",
  "packageType": "Dll"
}