{
  "title": "কোর ক্লিপবোর্ড হ্যান্ডলার",
  "description": "হ্যান্ডলস ডিফল্ট ক্লিপবোর্ড ফর্ম্যাট",
  "version": "1.0.1.0",
  "author": "Monkey",
  "guid": "cf2ec03f-9edd-45e9-a605-2a2df71e03bd",
  "projectUrl": "https://www.monkeypaste.com",
  "iconUri": "https://www.monkeypaste.com/dat/CoreOleHandler.png",
  "tags": "কোর, ক্লিপবোর্ড, ড্র্যাগ এবং ড্রপ, পাঠ্য, আরটিএফ, সমৃদ্ধ পাঠ্য, এইচটিএমএল, সিএসভি, চিত্র, পিএনজি, জেপিজি, জেপিজি, লিঙ্ক",
  "pluginType": "Clipboard",
  "packageType": "Dll"
}