{
  "title": "ಕೋರ್ ಕ್ಲಿಪ್‌ಬೋರ್ಡ್ ಹ್ಯಾಂಡ್ಲರ್",
  "description": "ಡೀಫಾಲ್ಟ್ ಕ್ಲಿಪ್‌ಬೋರ್ಡ್ ಸ್ವರೂಪಗಳನ್ನು ನಿರ್ವಹಿಸುತ್ತದೆ",
  "version": "1.0.1.0",
  "author": "Monkey",
  "guid": "cf2ec03f-9edd-45e9-a605-2a2df71e03bd",
  "projectUrl": "https://www.monkeypaste.com",
  "iconUri": "https://www.monkeypaste.com/dat/CoreOleHandler.png",
  "tags": "ಕೋರ್, ಕ್ಲಿಪ್‌ಬೋರ್ಡ್, ಡ್ರ್ಯಾಗ್ ಮತ್ತು ಡ್ರಾಪ್, ಪಠ್ಯ, ಆರ್‌ಟಿಎಫ್, ರಿಚ್ ಟೆಕ್ಸ್ಟ್, ಎಚ್‌ಟಿಎಂಎಲ್, ಸಿಎಸ್‌ವಿ, ಇಮೇಜ್, ಪಿಎನ್‌ಜಿ, ಜೆಪಿಜಿ, ಜೆಪಿಇಜಿ, ಲಿಂಕ್",
  "pluginType": "Clipboard",
  "packageType": "Dll"
}