{
  "title": "Podstawowy moduł obsługi schowka",
  "description": "Obsługuje domyślne formaty schowka",
  "version": "1.0.1.0",
  "author": "Monkey",
  "guid": "cf2ec03f-9edd-45e9-a605-2a2df71e03bd",
  "projectUrl": "https://www.monkeypaste.com",
  "iconUri": "https://www.monkeypaste.com/dat/CoreOleHandler.png",
  "tags": "Rdzeń, schowek, przeciągnięcie i upuszczenie, tekst, RTF, Rich Tekst, HTML, CSV, Image, PNG, JPG, JPEG, Link",
  "pluginType": "Clipboard",
  "packageType": "Dll"
}