{
  "title": "핵심 클립 보드 핸들러",
  "description": "기본 클립 보드 형식을 처리합니다",
  "version": "1.0.1.0",
  "author": "Monkey",
  "guid": "cf2ec03f-9edd-45e9-a605-2a2df71e03bd",
  "projectUrl": "https://www.monkeypaste.com",
  "iconUri": "https://www.monkeypaste.com/dat/CoreOleHandler.png",
  "tags": "코어, 클립 보드, 드래그 앤 드롭, 텍스트, RTF, 리치 텍스트, HTML, CSV, 이미지, PNG, JPG, JPEG, 링크",
  "pluginType": "Clipboard",
  "packageType": "Dll"
}