{
  "title": "Үндсэн санах ойн гар ажиллагаа",
  "description": "Үндсэн санах ойн форматыг бариул",
  "version": "1.0.1.0",
  "author": "Monkey",
  "guid": "cf2ec03f-9edd-45e9-a605-2a2df71e03bd",
  "projectUrl": "https://www.monkeypaste.com",
  "iconUri": "https://www.monkeypaste.com/dat/CoreOleHandler.png",
  "tags": "Гол, Clipboard, Clipboard, чирж, текст, текст, remf, rov, csv, csv, jpg, jpg, jpg, jpg, jpg, jpg, jpg, jpg, холбоос",
  "pluginType": "Clipboard",
  "packageType": "Dll"
}