{
  "title": "Jedrna odložišče",
  "description": "Obdeluje privzete oblike odložij",
  "version": "1.0.1.0",
  "author": "Monkey",
  "guid": "cf2ec03f-9edd-45e9-a605-2a2df71e03bd",
  "projectUrl": "https://www.monkeypaste.com",
  "iconUri": "https://www.monkeypaste.com/dat/CoreOleHandler.png",
  "tags": "Jedro, odložišče, povleci in spusti, besedilo, rtf, bogato besedilo, html, csv, slika, png, jpg, jpeg, povezava, povezava",
  "pluginType": "Clipboard",
  "packageType": "Dll"
}