{
  "title": "Core Text Anotator",
  "description": "Текст негизиндеги мазмун үчүн негизги гипершилтемени камсыз кылат",
  "version": "1.0.0.1",
  "author": "Monkey",
  "guid": "ecde8e7c-30cf-47ef-a6a9-8f7f439b0a31",
  "projectUrl": "https://www.monkeypaste.com",
  "iconUri": "https://www.monkeypaste.com/dat/CoreAnnotator.png",
  "packageType": "Dll",
  "tags": "Негизги, аннотация, текст, шилтеме, түс, талдоо, дарек, телефон, электрондук почта, валюта, финансы"
}