{
  "title": "মূল পাঠ্য টীকা",
  "description": "পাঠ্য ভিত্তিক সামগ্রীর জন্য বেসিক হাইপারলিংক সমর্থন সরবরাহ করে",
  "version": "1.0.0.1",
  "author": "Monkey",
  "guid": "ecde8e7c-30cf-47ef-a6a9-8f7f439b0a31",
  "projectUrl": "https://www.monkeypaste.com",
  "iconUri": "https://www.monkeypaste.com/dat/CoreAnnotator.png",
  "packageType": "Dll",
  "tags": "কোর, টীকা, পাঠ্য, লিঙ্ক, রঙ, পার্সিং, ঠিকানা, ফোন, ইমেল, মুদ্রা, ফিনান্স"
}