{
  "title": "कोर पाठ एनोटोटेटर",
  "description": "पाठमा आधारित सामग्रीको लागि आधारभूत हाइपरलिंक समर्थन प्रदान गर्दछ",
  "version": "1.0.0.1",
  "author": "Monkey",
  "guid": "ecde8e7c-30cf-47ef-a6a9-8f7f439b0a31",
  "projectUrl": "https://www.monkeypaste.com",
  "iconUri": "https://www.monkeypaste.com/dat/CoreAnnotator.png",
  "packageType": "Dll",
  "tags": "कोर, एनोटेट, पाठ, लिंक, रंग, पार्सन, ठेगाना, फोन, मुद्रा, ईमेल, मुद्रा, वित्त"
}