{
  "title": "អ្នកកំណត់ចំណូលអត្ថបទតូច",
  "description": "ផ្តល់ការគាំទ្រតំណខ្ពស់ជាមូលដ្ឋានសម្រាប់មាតិកាផ្អែកលើអត្ថបទ",
  "version": "1.0.0.1",
  "author": "Monkey",
  "guid": "ecde8e7c-30cf-47ef-a6a9-8f7f439b0a31",
  "projectUrl": "https://www.monkeypaste.com",
  "iconUri": "https://www.monkeypaste.com/dat/CoreAnnotator.png",
  "packageType": "Dll",
  "tags": "ស្នូលចំណារពន្យល់អត្ថបទពណ៌មានពណ៌វិញ្ញាបនប័ត្រអាស័យដ្ឋានទូរស័ព្ទអ៊ីមែលអ៊ីមែលរូបិយប័ណ្ណហិរញ្ញវត្ថុ"
}