{
  "title": "Annotateur de texte de base",
  "description": "Fournit une prise en charge de base de l'hyperlien pour le contenu basé sur le texte",
  "version": "1.0.0.1",
  "author": "Monkey",
  "guid": "ecde8e7c-30cf-47ef-a6a9-8f7f439b0a31",
  "projectUrl": "https://www.monkeypaste.com",
  "iconUri": "https://www.monkeypaste.com/dat/CoreAnnotator.png",
  "packageType": "Dll",
  "tags": "Noyau, annoter, texte, lien, couleur, analyse, adresse, téléphone, e-mail, devise, financement"
}