{
  "title": "Annotator на Core Text",
  "description": "Овозможува основна поддршка за хиперврска за содржина заснована на текст",
  "version": "1.0.0.1",
  "author": "Monkey",
  "guid": "ecde8e7c-30cf-47ef-a6a9-8f7f439b0a31",
  "projectUrl": "https://www.monkeypaste.com",
  "iconUri": "https://www.monkeypaste.com/dat/CoreAnnotator.png",
  "packageType": "Dll",
  "tags": "Јадро, прибелешка, текст, врска, боја, парсирање, адреса, телефон, е -пошта, валута, финансии"
}