{
  "title": "कोर मजकूर भाष्य करणारा",
  "description": "मजकूर आधारित सामग्रीसाठी मूलभूत हायपरलिंक समर्थन प्रदान करते",
  "version": "1.0.0.1",
  "author": "Monkey",
  "guid": "ecde8e7c-30cf-47ef-a6a9-8f7f439b0a31",
  "projectUrl": "https://www.monkeypaste.com",
  "iconUri": "https://www.monkeypaste.com/dat/CoreAnnotator.png",
  "packageType": "Dll",
  "tags": "कोअर, एनोटेट, मजकूर, दुवा, रंग, पार्सिंग, पत्ता, फोन, ईमेल, चलन, वित्त"
}