{
  "title": "Негізгі мәтінді аннотатор",
  "description": "Мәтіндік мазмұн үшін негізгі гипер сілтеме жасауды қамтамасыз етеді",
  "version": "1.0.0.1",
  "author": "Monkey",
  "guid": "ecde8e7c-30cf-47ef-a6a9-8f7f439b0a31",
  "projectUrl": "https://www.monkeypaste.com",
  "iconUri": "https://www.monkeypaste.com/dat/CoreAnnotator.png",
  "packageType": "Dll",
  "tags": "Өзегі, аннотация, мәтін, сілтемелер, түсін, түс, талдау, мекен-жайы, телефон, электрондық пошта, валюта, валюта, қаржы"
}