{
  "title": "يادرولۇق تېكىست ئىزاھات",
  "description": "تېكىستنى ئاساس قىلغان مەزمۇن ئۈچۈن ئاساسىي Hyperlink نى تەمىنلەيدۇ",
  "version": "1.0.0.1",
  "author": "Monkey",
  "guid": "ecde8e7c-30cf-47ef-a6a9-8f7f439b0a31",
  "projectUrl": "https://www.monkeypaste.com",
  "iconUri": "https://www.monkeypaste.com/dat/CoreAnnotator.png",
  "packageType": "Dll",
  "tags": "ContineNate, Linkate, ئۇلىنىش, count, تەھلىل قىلىش, پىكىر, پىكىر, پۇل, پۇل - پۇل, پۇل-مۇئامىلە قاتارلىقلار"
}