{
  "title": "কোৰ টেক্সট টীকাকাৰী",
  "description": "লিখনী ভিত্তিক বিষয়বস্তুৰ বাবে মূল হাইপাৰলিংক সমৰ্থন প্ৰদান কৰে",
  "version": "1.0.0.1",
  "author": "Monkey",
  "guid": "ecde8e7c-30cf-47ef-a6a9-8f7f439b0a31",
  "projectUrl": "https://www.monkeypaste.com",
  "iconUri": "https://www.monkeypaste.com/dat/CoreAnnotator.png",
  "packageType": "Dll",
  "tags": "কোৰ, টীকা, লিখনী, লিংক, ৰং, পাৰ্চিং, ঠিকনা, ফোন, ইমেইল, মুদ্ৰা,বিত্তীয়"
}