{
  "title": "Nội dung cốt lõi",
  "description": "Cung cấp hỗ trợ siêu liên kết cơ bản cho nội dung dựa trên văn bản",
  "version": "1.0.0.1",
  "author": "Monkey",
  "guid": "ecde8e7c-30cf-47ef-a6a9-8f7f439b0a31",
  "projectUrl": "https://www.monkeypaste.com",
  "iconUri": "https://www.monkeypaste.com/dat/CoreAnnotator.png",
  "packageType": "Dll",
  "tags": "Cốt lõi, chú thích, văn bản, liên kết, màu sắc, phân tích cú pháp, địa chỉ, điện thoại, email, tiền tệ, tài chính"
}