{
  "title": "핵심 텍스트 주석",
  "description": "텍스트 기반 컨텐츠에 대한 기본 하이퍼 링크 지원을 제공합니다",
  "version": "1.0.0.1",
  "author": "Monkey",
  "guid": "ecde8e7c-30cf-47ef-a6a9-8f7f439b0a31",
  "projectUrl": "https://www.monkeypaste.com",
  "iconUri": "https://www.monkeypaste.com/dat/CoreAnnotator.png",
  "packageType": "Dll",
  "tags": "코어, 주석, 텍스트, 링크, 색상, 구문 분석, 주소, 전화, 이메일, 통화, 재무"
}