{
  "title": "コアテキストアノテーター",
  "description": "テキストベースのコンテンツの基本的なハイパーリンクサポートを提供します",
  "version": "1.0.0.1",
  "author": "Monkey",
  "guid": "ecde8e7c-30cf-47ef-a6a9-8f7f439b0a31",
  "projectUrl": "https://www.monkeypaste.com",
  "iconUri": "https://www.monkeypaste.com/dat/CoreAnnotator.png",
  "packageType": "Dll",
  "tags": "コア、注釈、テキスト、リンク、色、解析、住所、電話、電子メール、通貨、金融"
}