{
  "title": "یادداشت کننده متن اصلی",
  "description": "پشتیبانی اصلی لینک را برای محتوای مبتنی بر متن فراهم می کند",
  "version": "1.0.0.1",
  "author": "Monkey",
  "guid": "ecde8e7c-30cf-47ef-a6a9-8f7f439b0a31",
  "projectUrl": "https://www.monkeypaste.com",
  "iconUri": "https://www.monkeypaste.com/dat/CoreAnnotator.png",
  "packageType": "Dll",
  "tags": "هسته ، حاشیه نویسی ، متن ، پیوند ، رنگ ، تجزیه ، آدرس ، تلفن ، ایمیل ، ارز ، امور مالی"
}