{
  "title": "Core Text Text Annotator",
  "description": "Текст дээр суурилсан агуулгад зориулагдсан ACTLINK-ийн үндсэн дэмжлэгийг өгдөг",
  "version": "1.0.0.1",
  "author": "Monkey",
  "guid": "ecde8e7c-30cf-47ef-a6a9-8f7f439b0a31",
  "projectUrl": "https://www.monkeypaste.com",
  "iconUri": "https://www.monkeypaste.com/dat/CoreAnnotator.png",
  "packageType": "Dll",
  "tags": "Гол, тэмдэг, тэмдэг, текст, холбоо, холбоо, холбоо, хаяг, валют, надад санал, 5 дэмжлэг"
}