{
  "title": "ຕົວຫນັງສື Core",
  "description": "ສະຫນອງການສະຫນັບສະຫນູນ hyperlink ພື້ນຖານສໍາລັບເນື້ອຫາທີ່ອີງໃສ່ຕົວຫນັງສື",
  "version": "1.0.0.1",
  "author": "Monkey",
  "guid": "ecde8e7c-30cf-47ef-a6a9-8f7f439b0a31",
  "projectUrl": "https://www.monkeypaste.com",
  "iconUri": "https://www.monkeypaste.com/dat/CoreAnnotator.png",
  "packageType": "Dll",
  "tags": "ຫຼັກ, annotate, ຕົວຫນັງສື, link, ສີ, ການແຍກ, ທີ່ຢູ່, ໂທລະສັບ, ອີເມວ, ເງິນ, ເງິນ"
}