{
  "title": "کور ٹیکسٹ اینٹیٹر",
  "description": "متن پر مبنی مواد کے لئے بنیادی ہائپر لنک کی مدد فراہم کرتا ہے",
  "version": "1.0.0.1",
  "author": "Monkey",
  "guid": "ecde8e7c-30cf-47ef-a6a9-8f7f439b0a31",
  "projectUrl": "https://www.monkeypaste.com",
  "iconUri": "https://www.monkeypaste.com/dat/CoreAnnotator.png",
  "packageType": "Dll",
  "tags": "کور ، تشریح ، متن ، لنک ، رنگ ، تجزیہ ، پتہ ، فون ، ای میل ، کرنسی ، فنانس"
}