{
  "title": "Annotador de text bàsic",
  "description": "Proporciona suport bàsic d’hiperenllaç per al contingut basat en text",
  "version": "1.0.0.1",
  "author": "Monkey",
  "guid": "ecde8e7c-30cf-47ef-a6a9-8f7f439b0a31",
  "projectUrl": "https://www.monkeypaste.com",
  "iconUri": "https://www.monkeypaste.com/dat/CoreAnnotator.png",
  "packageType": "Dll",
  "tags": "Core, anotat, text, enllaç, color, analització, adreça, telèfon, correu electrònic, moneda, finançament"
}