{
  "title": "ძირითადი ტექსტის ანოტატორი",
  "description": "უზრუნველყოფს ჰიპერბმულის ძირითადი მხარდაჭერას ტექსტზე დაფუძნებული შინაარსისთვის",
  "version": "1.0.0.1",
  "author": "Monkey",
  "guid": "ecde8e7c-30cf-47ef-a6a9-8f7f439b0a31",
  "projectUrl": "https://www.monkeypaste.com",
  "iconUri": "https://www.monkeypaste.com/dat/CoreAnnotator.png",
  "packageType": "Dll",
  "tags": "Core, Annotate, ტექსტი, ბმული, ფერი, პარსინგი, მისამართი, ტელეფონი, ელ.ფოსტა, ვალუტა, ფინანსები"
}