{
  "title": "കോർ ടെക്സ്റ്റ് വ്യാഖ്യാതാവ്",
  "description": "ടെക്സ്റ്റ് അടിസ്ഥാനമാക്കിയുള്ള ഉള്ളടക്കത്തിനായി അടിസ്ഥാന ഹൈപ്പർലിങ്ക് പിന്തുണ നൽകുന്നു",
  "version": "1.0.0.1",
  "author": "Monkey",
  "guid": "ecde8e7c-30cf-47ef-a6a9-8f7f439b0a31",
  "projectUrl": "https://www.monkeypaste.com",
  "iconUri": "https://www.monkeypaste.com/dat/CoreAnnotator.png",
  "packageType": "Dll",
  "tags": "കോർ, വ്യാഖ്യാനം, വാചകം, ലിങ്ക്, നിറം, പാഴ്സിംഗ്, വിലാസം, ഫോൺ, ഇമെയിൽ, കറൻസി, ധനകാര്യം"
}