{
  "title": "คำอธิบายประกอบข้อความหลัก",
  "description": "ให้การสนับสนุนไฮเปอร์ลิงก์พื้นฐานสำหรับเนื้อหาที่ใช้ข้อความ",
  "version": "1.0.0.1",
  "author": "Monkey",
  "guid": "ecde8e7c-30cf-47ef-a6a9-8f7f439b0a31",
  "projectUrl": "https://www.monkeypaste.com",
  "iconUri": "https://www.monkeypaste.com/dat/CoreAnnotator.png",
  "packageType": "Dll",
  "tags": "คอร์, คำอธิบายประกอบ, ข้อความ, ลิงค์, สี, การแยกวิเคราะห์, ที่อยู่, โทรศัพท์, อีเมล, สกุลเงิน, การเงิน"
}