{
  "title": "Основна обробка буфера обміну",
  "description": "Обробляє формати буфера обміну за замовчуванням",
  "version": "1.0.1.0",
  "author": "Monkey",
  "guid": "cf2ec03f-9edd-45e9-a605-2a2df71e03bd",
  "projectUrl": "https://www.monkeypaste.com",
  "iconUri": "https://www.monkeypaste.com/dat/CoreOleHandler.png",
  "tags": "Ядро, буфер обміну, перетягування, текст, RTF, Rich Text, HTML, CSV, Image, PNG, JPG, JPEG, Link",
  "pluginType": "Clipboard",
  "packageType": "Dll"
}