{
  "title": "コアクリップボードハンドラー",
  "description": "デフォルトのクリップボードフォーマットを処理します",
  "version": "1.0.1.0",
  "author": "Monkey",
  "guid": "cf2ec03f-9edd-45e9-a605-2a2df71e03bd",
  "projectUrl": "https://www.monkeypaste.com",
  "iconUri": "https://www.monkeypaste.com/dat/CoreOleHandler.png",
  "tags": "コア、クリップボード、ドラッグアンドドロップ、テキスト、RTF、リッチテキスト、HTML、CSV、画像、PNG、JPG、JPEG、リンク",
  "pluginType": "Clipboard",
  "packageType": "Dll"
}