{
  "title": "कोर क्लिपबोर्ड ह्यान्डलर",
  "description": "ह्यान्डल डिफल्ट क्लिपबोर्ड ढाँचाहरू",
  "version": "1.0.1.0",
  "author": "Monkey",
  "guid": "cf2ec03f-9edd-45e9-a605-2a2df71e03bd",
  "projectUrl": "https://www.monkeypaste.com",
  "iconUri": "https://www.monkeypaste.com/dat/CoreOleHandler.png",
  "tags": "कोर, क्लिपबोर्ड, ड्र्याग र ड्रप, पाठ, ertf, RSV, CNV, छवि, JPG, JPG, JPG, JPG, JPG, लिंक, लिंक",
  "pluginType": "Clipboard",
  "packageType": "Dll"
}