{
  "title": "ዋና ቅንጥብጣብ ሰሌዳ መትሓዚ",
  "description": "ነባሪ ቅርጺ ቅንጥብጣብ ሰሌዳታት ይሕዝ",
  "version": "1.0.1.0",
  "author": "Monkey",
  "guid": "cf2ec03f-9edd-45e9-a605-2a2df71e03bd",
  "projectUrl": "https://www.monkeypaste.com",
  "iconUri": "https://www.monkeypaste.com/dat/CoreOleHandler.png",
  "tags": "ኮር፣ ቅንጥብጣብ ሰሌዳ፣ ድራግን ድሮፕን፣ ጽሑፍ፣ RTF፣ ሃብታም ጽሑፍ፣ ኤችቲኤምኤል፣ CSV፣ ምስሊ፣ PNG፣ JPG፣ JPEG፣ ሊንክ",
  "pluginType": "Clipboard",
  "packageType": "Dll"
}