{
  "title": "„Core“ iškarpinės tvarkyklė",
  "description": "Numatytųjų mainų srities formatų tvarko",
  "version": "1.0.1.0",
  "author": "Monkey",
  "guid": "cf2ec03f-9edd-45e9-a605-2a2df71e03bd",
  "projectUrl": "https://www.monkeypaste.com",
  "iconUri": "https://www.monkeypaste.com/dat/CoreOleHandler.png",
  "tags": "„Core“, mainų sritis, vilkimas ir lašas, tekstas, RTF, Rich Text, HTML, CSV, Image, PNG, JPG, JPEG, nuoroda, nuoroda",
  "pluginType": "Clipboard",
  "packageType": "Dll"
}