{
  "title": "Manipulador de quadro de transferência do núcleo",
  "description": "Lida com os formatos padrão da área de transferência",
  "version": "1.0.1.0",
  "author": "Monkey",
  "guid": "cf2ec03f-9edd-45e9-a605-2a2df71e03bd",
  "projectUrl": "https://www.monkeypaste.com",
  "iconUri": "https://www.monkeypaste.com/dat/CoreOleHandler.png",
  "tags": "Núcleo, trapaça, arrastar e soltar, texto, rtf, rich text, html, csv, imagem, png, jpg, jpeg, link",
  "pluginType": "Clipboard",
  "packageType": "Dll"
}